CIUDAD,COD. IATA
ABADAN,ABD
ABIDJAN,ABJ
ABU DHABI,AUH
ACAPULCO,ACA
ACCRA,ACC
ADDIS ABEBA,ADD
ADELAIDE,ADL
ALEJANDRIA,ALY
ALEPRO,ALP
ALTO RIO SENGUERR,ARR
AMMAN,AMM
AMSTERDAM,AMS
ANCHORAGE,ANC
ANKARA,ANK
ANTANANARIVO,TNR
ANTIGUA,ANU
ANTOFAGASTA,ANF
APIA,APW
ARACAJU,AJU
AREQUIPA,AQP
ARGEL,ALG
ARICA,ARI
ARUBA,AUA
ASMARA,ASM
ASUNCION,ASU
ATENAS,ATH
ATLANTA,ATL
AUCKLAND,AKL
AYACUCHO,AYP
B.SERI BEGAWAN,BWN
BAGDAD,BGW
BAHIA BLANCA,BHI
BAHREIN,BAH
BALMACEDA,BBA
BALTIMORE,BWI
BAMAKO,BKO
BANGKOK,BKK
BANGUI,BGF
BANJUL,BJL
BARBADOS,BGI
BARCELONA,BCN
BARILOCHE,BRC
BARRANQUILLA,BAQ
BASRA,BSR
BEIRUT,BEI
BEIRUT,BEY
BELEM,BEL
BELGRADO,BEG
BELO HORIZONTE,BHZ
BENGHAZI,BEN
BERGEN,BGO
BERLIN,VER
BILBAO,BIO
BLANTYRE,BLZ
BOGOTA,BOG
BOLIVAR,BLR
BOLOGNA,BLQ
BOMBAY,BOM
BONAIRE  ,BON 
BOSTON,BOS
BRASILIA,BSB
BRATISLAVA,BTS
BRAZZAVILLE,BZV
BRISBANE,BNE
BRUSELAS,BRU
BUCAREST,BUH
BUDAPEST,BUD
BUENOS AIRES,EZE
BUFFALO,BNF
BUJUMBURA,BJM
BUKAVU,BKY
BULAWAYO,BUQ
CAIRNS,CNS
CALAMA,CJC
CALCUTA,CCU
CALGARY,YYC
CALI,CLO
CANCUN,CUN
CAPE TOWN,CPT
CARACAS,CCS
CARTAGENA,CTG
CASABLANCA,CAS
CATAMARCA,CTC
CATANIA,CAT
CAVIAHUE,CVH
CAYENA,CAY
CAYO LARGO,CYL
CEBU,CEB
CHAPELCO,CPC
CHICAGO,CHI
CHICLAYO,CIX
CHOELE CHOEL,OEL
CHOS MALAL,CHM
CHRISTCHURCH,CHC
CINCINNATI,CVG
CLEVELAND,CLE
COCHABAMBA,CBB
COLOMBO,CMB
COLONIA,CGN
COLONIA,CYR
COLONIA CATRIEL,CLT
COLUMBUS,CMH
COMODORO RIVADAVIA,CRD
CONAKRI,CKY
CONCEPCION,CCP
CONCORDIA,COC
COPENHAGUE,CPH
COPIAPO,CPO
CORDOBA,COR
CORONEL SUAREZ,CSU
CORRIENTES,CNQ
COTONOU,COO
CUIABA,CGB
CURACAO,CUR
CURITIBA,CWB
CUTRAL-CO,CUT
CUZCO,CUZ
DAKAR,DKR
DALIAN,DLC
DALLAS/FORT WORTH,DFW
DAMASCO,DAM
DAR ES SALAAM,DAR
DAYTON,DAY
DELHI,DEL
DENPASAR-BALI,DPS
DENVER,DEN
DETROIT,DTT
DHAHRAN,DHA
DHAKA,DAC
DIRE DAWA,DIR
DJIBOUTI,JIB
DOHA,DOH
DOUALA,DLA
DUBAI,DXB
DUBLIN,DUB
DUBROVNIK,DBV
DUSSELDORF,DUS
EDMONTON,YEG
EL BOLSON,EHL
EL CAIRO,CAI
EL CALAFATE,CLF
EL CHALTEN,ECL
EL MAITEN,EMX
EL SALVADOR,ESR
ENTEBE,EBB
ESMIRNA,IZM
ESQUEL,EQS
ESTAMBUL,IST
ESTOCOLMO,STO
ESTRASBURGO,SXB
FARO,FAO
FILADELFIA,PHL
FLORIANOPOLIS,FLN
FORMOSA,FMA
FORT DE FRANCE,FDF
FORT LAUDERDALE, FLORIDA,FLL
FORTALEZA,FOR
FRANKFURT,FRA
FREETOWN,FNA
FUKUOKA,FUK
FUNCHAL,FNC
GABORONE,GBE
GENERAL PICO,GPO
GENERAL ROCA,GNR
GENOVA,GOA
GEORGETOWN,GEO
GIBRALTAR,GIB
GINEBRA,GVA
GOBERNADOR GREGORES,GGS
GOIANIA,GYN
GOTEMBURGO,GOT
GOYA,OYA
GRAZ,GRZ
GUAM,GUM
GUANGZHOU,CAN
GUATEMALA,GUA
GUAYAQUIL,GYE
HABANA,HAV
HAMBURGO,HAM
HANOI,HAN
HARARE,HRE
HARTFORD,BDL
HELSINKI,HEL
HO CHI MINH,SGN
HONG KONG,HKG
HONOLULU ( HAWAII ),HNL
HORTA,HOR
HOUSTON,HOU
IGUACU,IGU
IGUAZU,IGR
ILHA DO SAL,ILH
INDIANAPOLIS,IND
INGENIERO JACOBACCI,IJC
IQUIQUE,IQQ
IQUITOS,IQT
ISLA DE PASCUA,IPC
ISLAMABAD,ISB
JAKARTA,JKT
JEDDAH,JED
JERUSALEM,JRS
JOAO PESSOA,JPA
JOHANNESBURGO,JNB
JOSE DE SAN MARTIN,JSM
JUJUY,JUJ
KABUL,KBL
KANO,KAN
KANSAS,MKC
KAOHSIUNG,KHH
KARACHI,KHI
KATMANDU,KTM
KHARTUM,KRT
KIGALI,KGL
KINGSTON,KIN
KINSHASA,FIH
KLAGENFURT,KLU
KOTA KINABALU,BKI
KRISTIANSAND,KRS
KUALA LUMPUR,JUL
KUALA LUMPUR,KUL
KUWAIT,KWI
LA CEIBA,LCE
LA CORUÑA,LCG
LA PAZ,LPB
LA PLATA,LPG
LA RIOJA,IRJ
LA SERENA,LSC
LAGO ARGENTINO,ING
LAGOS,LOS
LAMEZIA TERME,SUF
LARNACA,LCA
LAS HERAS,CHS
LAS PALMAS,LPA
LAS VEGAS,LAS
LIBREVILLE,LBV
LILLE,LIL
LILONGWE,LLW
LIMA,LIM
LINZ,LNZ
LISBOA,LIS
LJUBLJANA,LJU
LOME,LFW
LONCOPUE,LCP
LONDRES,LON
LONDRES,LON
LOS ANGELES,LSQ
LOS ANGELES,LAX
LUANDA,LAD
LUBUMBASHI,FBM
LUSAKA,LUN
LUXEMBURGO,LUX
LYON,LYS
MAARTEN,SXM
MACAPA,MCP
MACEIO,MCZ
MADRAS,MAA
MADRID,MAD
MALAGA,AGP
MALARGUE,MLG
MALMO,MMA
MALTA,MLA
MANAGUA,MGA
MANAOS,MAO
MANILA,MNL
MAPUTO,MPM
MAR DEL PLATA,MDQ
MARACAIBO,MAR
MARSELLA,MRS
MASCATE,MCT
MAURICIO,MRU
MEDELLIN,MDE
MELBOURNE,MEL
MENDOZA,MDZ
MENPHIS,MEM
MERIDA,MID
MEXICO,MEX
MIAMI,MIA
MILAN,MIL
MILAN,MIL
MILWAUKEE,MKE
MINNEAPOLIS,MSP
MONROVIA,MLW
MONTEGO BAY,MBJ
MONTEVIDEO,MVD
MONTREAL,YUL
MONTREAL,YUL
MOSCU,MOW
MULHOUSE,MLH
MUNICH,MUC
NADI,NAN
NAGOYA,NGO
NAPOLES,NAP
NASHVILLE,BNA
NASSAU,NAS
NATAL,NAT
NDJAMENA,NDJ
NECOCHEA,NEC
NEUQUEN,NQN
NIAMEI,NIM
NICOSIA,NIC
NIUE,IUE
NIZA,NCE
NORFOLK,ORF
NOUAKCHOTT,NKC
NOUMEA,NOU
NUEVA ORLEANS,MSY
NUEVA YORK,NYC
ODESSA,ODS
OKINAWA,OKA
OLAVARRIA,OLC
OPORTO,OPO
ORLANDO,ORL
OSAKA,OSA
OSLO,OSL
OSORNO,ZOS
OTTAWA,YOW
P. DE MALLORCA,PMI
PAGO PAGO,PPG
PALERMO,PMO
PANAMA,PTY
PAPEETE,PPT
PARAMARIBO,PBM
PARANA,PRA
PARIS,CDG
PASO DE LOS LIBRES,AOL
PEKIN,PEK
PENANG,PEN
PERITO MORENO,PMQ
PERTH,PER
PHOENIX,PHX
PHUKET,HKT
PINAMAR,PAJ
PITTSBURG,PIT
PIURA,PIU
POINTE A PITRE,PTP
PONTA DELGADA,PDL
PORLAMAR,PMV
PORT AU PRINCE,PAP
PORT OF SPAIN,POS
PORTLAND,PDX
PORTO ALEGRE,POA
PORTO SANTO,PXO
POSADAS,PSS
PRAGA,PRG
PUCALLPA,PCL
PUERTO DESEADO,PUD
PUERTO MADRYN,DRY
PUERTO MALDONADO,PEM
PUERTO MONTT,PMC
PUNTA ARENAS,PUQ
PUNTA CANA,PUJ
PUNTA DEL ESTE,PDP
QUITO,UIO
RALEIGH,RDU
RANGOON,RGN
RAROTONGA,RAR
RECIFE,REC
RECONQUISTA,RCQ
REGGIO - CALABRIA,REG
RESISTENCIA,RES
REYKJAVIK,REK
RICHMOND,RIC
RINCON DE LOS SAUCES,RNS
RIO CUARTO,RCU
RIO DE JANEIRO,GIG
RIO GALLEGOS,RGL
RIO GRANDE,RGA
RIO MAYO,ROY
RIO TURBIO,RYO
RIYADH,RUH
ROATAN,RTB
ROCHESTER,ROC
ROMA,FCO
ROSARIO,ROS
SAINT DENIS,RUN
SAIPAN,SPN
SALT LAKE CITY,SLC
SALTA,SLA
SALVADOR,SSA
SALZBURGO,SZG
SAN ANTONIO OESTE,OES
SAN DIEGO,SAN
SAN FRANCISCO,SFO
SAN JOSE,SJC
SAN JUAN,SJU
SAN JULIAN,ULA
SAN LUIS,LUQ
SAN PEDRO SULA,SAP
SAN RAFAEL,AFA
SAN SALVADOR,SAL
SANAA,SAH
SANTA CRUZ,SRZ
SANTA FE,SFN
SANTA MARTA,SMR
SANTA ROSA,RSA
SANTA TERESITA,SST
SANTIAGO DE CHILE,SCL
SANTIAGO DE COMPOSTELA,SCQ
SANTIAGO DEL ESTERO,SDE
SANTO DOMINGO,SDQ
SAO LUIZ,SLZ
SAO PAULO,SAO
SEATTLE,SEA
SEUL,SEL
SEVILLA,SVQ
SHANGHAI,SHA
SHANNON,SNN
SHARJAH,SHJ
SIERRA GRANDE,SGV
SINGAPUR,SIN
SOFIA,SOF
ST LUCIA,SLU
ST. CROIX,STX
ST. LOUIS,STL
ST. THOMAS,STT
STAVANGER,SVG
STUTTGART,STR
SYDNEY,SYD
TABATINGA,TBT
TACNA,TCQ
TAIPEI,TPE
TAMPA,TPA
TANDIL,TDL
TANGER,TNG
TARIJA,TJA
TEFE,TFF
TEGUCIGALPA,TGU
TEHERAN,THR
TEL AVIV,TLV
TEMUCO,ZCO
TENERIFE,TCI
TERCEIRA,TER
TESALONICA,SKG
TIMISOALA,TSR
TIRANA,TIA
TOKYO,TYO
TONGATAPU,TBU
TORONTO,YYZ
TRELEW,REL
TRIPOLI,TIP
TRUJILLO,TRU
TUCSON,TUS
TUCUMAN,TUC
TUNEZ,TUN
TURIN,TRN
USHUAIA,USH
VALDIVIA,ZAL
VALENCIA,VLC
VANCOUVER,YVR
VARADERO,VRA
VARSOVIA,WAW
VENECIA,VCE
VICTORIA,YYJ
VICTORIA FALLS,VFA
VIEDMA,VDM
VIENA,VIE
VIGO,VGO
VILLA GESELL,VLG
VILLA MERCEDES,VME
VILNA,VNO
VIÑA DEL MAR,KNA
WASHINGTON D. C.,WAS
WELLINGTON,WLG
WINDHOEK,WDH
WINDSOR,YOG
WINNIPEG,YWG
XIAMEN,XMN
ZAGREB,ZAG
ZAPALA,APZ
ZURICH,ZRH
